db_id,HCQ,IVE,CP
tri00002,0,0,0
tri00005,0,0,0
tri00006,0,0,0
tri00010,0,0,0
tri00011,0,0,0
tri00012,0,0,0
tri00013,0,0,0
tri00019,0,0,0
tri00020,0,0,0
tri00022,0,0,0
tri00024,0,0,0
tri00026,0,0,0
tri00028,0,0,0
tri00030,0,0,0
tri00031,0,0,0
tri00034,0,0,0
tri00037,0,0,0
tri00039,0,0,0
tri00043,0,0,0
tri00044,0,0,0
tri00045,0,0,0
tri00046,0,0,0
tri00047,0,0,0
tri00049,0,0,0
tri00054,0,0,0
tri00055,0,0,0
tri00056,0,0,0
tri00062,0,0,0
tri00065,0,0,0
tri00070,0,0,0
tri00071,0,0,0
tri00073,0,0,0
tri00074,0,0,0
tri00075,0,0,0
tri00076,0,0,0
tri00077,0,0,0
tri00080,2,0,0
tri00082,0,0,0
tri00083,0,0,0
tri00084,0,0,0
tri00085,0,0,0
tri00086,0,0,0
tri00087,0,0,0
tri00088,0,0,0
tri00091,0,0,0
tri00092,0,0,0
tri00100,0,0,0
tri00101,0,0,0
tri00102,0,0,0
tri00105,0,0,0
tri00106,0,0,0
tri00107,0,0,0
tri00108,0,0,0
tri00109,0,0,0
tri00112,0,0,0
tri00113,0,0,0
tri00114,0,0,0
tri00115,0,0,0
tri00116,0,0,0
tri00118,0,0,0
tri00123,0,0,0
tri00125,0,0,0
tri00126,0,0,0
tri00132,0,0,0
tri00137,0,0,0
tri00139,1,0,0
tri00140,0,0,1
tri00141,0,0,0
tri00142,0,0,0
tri00143,0,0,1
tri00144,0,0,0
tri00145,0,0,0
tri00148,0,0,0
tri00149,0,0,0
tri00157,0,0,1
tri00159,0,0,0
tri00160,0,0,0
tri00162,0,0,0
tri00163,0,0,0
tri00164,0,0,0
tri00167,0,0,0
tri00169,0,0,0
tri00170,1,0,0
tri00171,0,0,0
tri00172,0,0,0
tri00173,0,0,0
tri00176,0,0,0
tri00177,0,0,0
tri00178,0,0,0
tri00179,0,0,0
tri00182,0,0,0
tri00185,0,0,0
tri00186,2,0,0
tri00187,0,0,0
tri00188,0,0,0
tri00189,1,0,0
tri00191,0,0,0
tri00192,0,0,0
tri00193,0,0,0
tri00202,0,0,0
tri00205,0,0,0
tri00220,0,0,0
tri00222,0,0,0
tri00227,0,0,0
tri00230,0,0,0
tri00232,0,0,0
tri00233,0,0,0
tri00235,0,0,0
tri00238,0,0,0
tri00241,0,0,0
tri00242,0,0,0
tri00243,0,0,0
tri00244,0,0,0
tri00248,0,0,0
tri00249,0,0,0
tri00250,0,0,0
tri00251,0,0,0
tri00254,1,0,0
tri00255,1,0,0
tri00261,0,0,0
tri00263,0,0,0
tri00264,0,0,0
tri00265,0,0,0
tri00267,0,0,0
tri00269,0,0,0
tri00270,0,0,1
tri00285,0,0,0
tri00286,0,0,0
tri00288,0,0,0
tri00293,0,0,0
tri00295,0,0,0
tri00297,0,0,0
tri00299,0,0,0
tri00300,0,0,0
tri00301,0,0,0
tri00302,0,0,0
tri00303,0,0,0
tri00304,0,0,0
tri00305,0,0,0
tri00306,0,0,0
tri00317,0,0,0
tri00319,0,0,1
tri00320,0,0,0
tri00324,0,0,0
tri00327,0,0,0
tri00328,0,0,0
tri00329,0,0,0
tri00335,0,0,0
tri00336,0,0,0
tri00343,0,0,0
tri00352,0,0,0
tri00354,0,0,0
tri00358,0,0,0
tri00361,0,0,0
tri00362,0,0,0
tri00373,0,0,0
tri00378,0,0,0
tri00390,0,0,0
tri00392,0,0,0
tri00397,0,0,0
tri00399,0,0,0
tri00407,0,0,0
tri00409,0,0,0
tri00418,0,0,0
tri00424,0,0,0
tri00425,0,0,1
tri00426,0,0,0
tri00427,0,0,0
tri00440,0,0,0
tri00453,0,0,0
tri00473,0,0,0
tri00476,0,0,0
tri00482,0,0,0
tri00483,0,0,0
tri00502,0,0,0
tri00503,0,0,0
tri00507,0,0,0
tri00512,0,0,1
tri00513,0,0,0
tri00521,0,0,0
tri00526,1,0,0
tri00529,0,0,0
tri00530,0,0,0
tri00534,0,0,0
tri00535,0,0,0
tri00536,0,0,0
tri00537,0,0,0
tri00538,0,0,0
tri00543,0,0,0
tri00546,0,0,0
tri00549,0,0,0
tri00552,0,0,0
tri00569,0,0,0
tri00574,0,0,0
tri00582,0,0,0
tri00585,0,0,0
tri00588,0,0,0
tri00590,0,0,0
tri00593,0,0,0
tri00594,0,0,0
tri00596,0,0,0
tri00598,0,0,0
tri00601,0,0,0
tri00606,0,0,0
tri00609,0,0,0
tri00610,0,0,0
tri00612,0,0,0
tri00613,0,0,0
tri00623,0,0,0
tri00632,0,0,1
tri00635,0,0,0
tri00651,0,0,0
tri00654,0,0,0
tri00656,0,0,0
tri00663,0,0,0
tri00666,0,0,1
tri00668,2,0,0
tri00672,1,0,0
tri00675,0,0,0
tri00677,0,0,0
tri00679,0,0,0
tri00685,0,0,0
tri00692,0,0,0
tri00699,0,0,0
tri00705,0,0,0
tri00712,0,0,0
tri00722,0,0,0
tri00728,0,0,0
tri00731,0,0,0
tri00732,1,0,0
tri00735,0,0,0
tri00738,0,0,0
tri00739,0,0,0
tri00740,0,0,0
tri00744,0,0,0
tri00745,0,0,0
tri00748,0,0,0
tri00753,0,0,0
tri00755,0,0,0
tri00756,1,0,0
tri00757,0,0,0
tri00759,0,0,0
tri00762,0,0,0
tri00763,1,0,0
tri00766,0,0,0
tri00767,0,0,0
tri00770,0,0,0
tri00776,0,0,0
tri00781,4,0,0
tri00782,0,0,0
tri00787,0,0,0
tri00789,0,0,0
tri00798,1,0,0
tri00801,0,0,0
tri00807,0,0,0
tri00808,0,0,0
tri00810,0,0,0
tri00812,0,0,0
tri00816,0,0,0
tri00820,0,0,0
tri00822,0,0,0
tri00829,0,0,0
tri00830,0,0,0
tri00836,2,0,0
tri00842,1,0,0
tri00845,0,0,0
tri00862,1,0,0
tri00877,0,0,0
tri00884,0,0,0
tri00892,0,0,0
tri00893,0,0,0
tri00894,0,0,0
tri00895,0,0,0
tri00896,0,0,0
tri00897,0,0,0
tri00900,1,0,0
tri00901,1,0,0
tri00902,0,0,0
tri00904,0,0,0
tri00906,0,0,0
tri00908,0,0,0
tri00912,0,0,0
tri00913,0,0,0
tri00914,0,0,0
tri00916,0,0,0
tri00919,0,0,0
tri00920,0,0,0
tri00921,0,0,0
tri00931,0,0,0
tri00933,1,0,0
tri00935,0,0,0
tri00937,0,0,0
tri00938,0,0,0
tri00944,0,0,0
tri00949,2,0,0
tri00950,0,0,1
tri00952,0,0,0
tri00953,0,0,0
tri00954,0,0,0
tri00960,0,0,0
tri00962,0,0,1
tri00966,0,0,0
tri00975,0,0,0
tri00985,0,0,0
tri00986,2,0,0
tri00988,0,0,0
tri00992,0,0,0
tri00993,0,0,0
tri00995,0,0,1
tri00996,0,0,0
tri00997,5,0,1
tri01002,0,0,0
tri01003,0,0,0
tri01004,0,0,0
tri01005,0,0,0
tri01006,0,0,0
tri01010,1,0,0
tri01014,0,0,0
tri01017,0,0,0
tri01021,0,0,0
tri01029,0,0,0
tri01030,0,0,0
tri01036,0,0,0
tri01040,0,0,0
tri01048,0,0,0
tri01051,0,0,0
tri01053,0,0,0
tri01054,0,0,0
tri01055,0,0,0
tri01062,0,0,0
tri01068,0,0,0
tri01071,0,0,0
tri01076,0,0,0
tri01078,1,0,0
tri01079,0,0,0
tri01081,1,0,0
tri01085,1,0,0
tri01092,0,0,0
tri01094,1,0,0
tri01096,0,0,0
tri01097,0,0,0
tri01098,0,0,1
tri01099,0,0,1
tri01100,0,0,0
tri01101,0,0,0
tri01107,0,0,0
tri01108,0,0,0
tri01109,2,0,0
tri01114,0,0,1
tri01116,0,0,0
tri01119,1,0,0
tri01122,0,0,0
tri01123,1,0,0
tri01125,0,0,0
tri01127,1,0,0
tri01128,1,0,0
tri01129,0,0,0
tri01131,1,0,0
tri01132,2,0,0
tri01135,0,0,0
tri01147,0,0,1
tri01149,0,0,0
tri01153,0,0,0
tri01154,0,0,0
tri01155,0,0,0
tri01157,0,0,0
tri01161,0,0,0
tri01164,0,0,0
tri01167,0,0,0
tri01168,0,0,0
tri01170,0,0,0
tri01171,0,0,0
tri01172,0,0,0
tri01174,2,0,0
tri01179,1,0,0
tri01182,0,1,0
tri01185,0,0,0
tri01193,0,0,0
tri01195,1,0,0
tri01197,0,0,0
tri01201,0,0,0
tri01208,0,0,0
tri01222,0,0,0
tri01224,0,0,0
tri01227,0,0,0
tri01228,0,0,1
tri01230,0,0,0
tri01234,0,0,0
tri01239,0,0,0
tri01241,0,0,0
tri01243,1,0,0
tri01246,0,0,0
tri01249,1,0,0
tri01258,0,0,0
tri01260,0,0,0
tri01263,1,0,0
tri01265,1,0,0
tri01273,0,0,0
tri01275,0,0,0
tri01277,0,0,0
tri01279,0,0,0
tri01280,1,0,0
tri01281,2,0,0
tri01282,0,0,0
tri01283,0,0,0
tri01285,1,0,0
tri01286,0,0,0
tri01288,0,0,0
tri01289,0,0,0
tri01290,2,0,0
tri01291,0,0,0
tri01292,1,0,0
tri01294,0,0,0
tri01296,0,0,0
tri01300,0,0,0
tri01301,0,0,1
tri01305,0,0,0
tri01306,0,0,1
tri01311,0,0,0
tri01312,1,0,0
tri01315,0,0,0
tri01320,0,0,0
tri01321,0,0,0
tri01324,0,0,0
tri01327,0,0,0
tri01330,0,0,0
tri01332,0,0,0
tri01350,0,0,0
tri01358,0,0,0
tri01363,0,0,0
tri01365,0,0,0
tri01367,0,0,0
tri01369,0,0,0
tri01390,0,0,0
tri01391,0,0,0
tri01395,0,0,0
tri01419,0,0,0
tri01420,0,0,0
tri01424,0,0,0
tri01425,0,0,0
tri01426,2,0,0
tri01427,0,0,0
tri01428,1,0,0
tri01431,0,0,0
tri01434,0,0,0
tri01435,0,0,0
tri01442,0,0,0
tri01444,0,0,0
tri01452,0,0,0
tri01453,0,0,0
tri01459,0,0,0
tri01465,0,0,0
tri01468,0,1,0
tri01472,0,0,0
tri01476,0,0,0
tri01479,2,0,0
tri01481,0,0,0
tri01482,0,0,0
tri01483,0,0,0
tri01485,0,0,0
tri01486,1,0,0
tri01489,2,0,0
tri01492,2,0,0
tri01493,1,0,0
tri01496,0,0,0
tri01497,0,0,0
tri01500,0,0,0
tri01501,0,0,0
tri01505,0,0,0
tri01508,0,0,0
tri01513,0,0,0
tri01514,0,0,0
tri01520,1,0,0
tri01528,0,0,0
tri01536,1,0,0
tri01545,0,0,2
tri01552,0,0,0
tri01557,0,0,0
tri01559,2,0,0
tri01560,0,0,0
tri01564,0,0,0
tri01571,0,0,0
tri01577,0,0,0
tri01580,0,0,0
tri01583,0,0,0
tri01591,0,0,0
tri01592,0,0,0
tri01596,0,0,0
tri01597,0,0,0
tri01598,0,0,0
tri01601,0,0,0
tri01611,0,0,0
tri01614,0,0,0
tri01625,0,0,0
tri01648,0,0,0
tri01651,0,0,0
tri01658,0,0,1
tri01687,0,0,0
tri01717,0,0,0
tri01736,0,0,0
tri01742,0,0,1
tri01745,0,0,1
tri01756,0,0,0
tri01763,0,0,0
tri01766,0,0,0
tri01787,0,0,0
tri01788,0,0,0
tri01790,0,0,0
tri01795,0,0,0
tri01798,1,0,0
tri01802,1,0,0
tri01804,0,0,0
tri01805,0,0,0
tri01806,0,0,0
tri01811,0,0,0
tri01816,0,0,0
tri01822,0,0,0
tri01826,0,0,0
tri01827,0,0,0
tri01834,0,0,1
tri01842,0,0,0
tri01843,0,0,0
tri01845,0,0,1
tri01846,0,0,0
tri01848,0,0,0
tri01855,0,0,0
tri01856,0,0,0
tri01860,0,0,0
tri01861,0,0,0
tri01868,1,0,0
tri01871,0,0,0
tri01872,0,0,1
tri01880,1,0,0
tri01882,1,0,0
tri01886,0,0,1
tri01887,1,0,0
tri01888,0,0,0
tri01889,0,0,0
tri01893,0,0,0
tri01896,0,0,1
tri01897,2,0,0
tri01898,0,0,1
tri01899,0,0,0
tri01903,0,0,0
tri01906,0,0,0
tri01909,0,0,0
tri01911,0,0,0
tri01915,0,0,0
tri01919,0,0,0
tri01921,0,0,0
tri01922,0,0,0
tri01925,1,0,0
tri01930,0,0,0
tri01935,0,0,1
tri01937,0,0,0
tri01940,0,0,1
tri01941,1,0,0
tri01942,0,0,0
tri01950,0,0,0
tri01964,0,0,1
tri01974,0,0,0
tri01976,0,0,1
tri01987,0,0,1
tri01988,0,0,0
tri01994,0,0,0
tri02006,0,0,0
tri02016,0,0,0
tri02017,1,0,0
tri02023,0,0,0
tri02025,0,0,1
tri02028,0,0,1
tri02029,3,0,0
tri02030,0,0,1
tri02033,0,0,0
tri02035,2,0,0
tri02037,0,0,0
tri02038,0,0,1
tri02040,0,0,0
tri02043,0,0,0
tri02046,0,0,0
tri02049,0,0,0
tri02054,0,0,0
tri02055,0,0,1
tri02056,0,0,0
tri02057,0,0,0
tri02058,0,0,0
tri02060,0,0,0
tri02061,0,0,0
tri02062,0,0,0
tri02067,0,0,0
tri02073,0,0,0
tri02078,0,1,0
tri02080,0,1,0
tri02081,0,0,0
tri02086,0,0,0
tri02088,0,0,0
tri02091,0,0,0
tri02095,0,0,0
tri02097,0,0,0
tri02099,0,0,0
tri02100,0,0,1
tri02110,0,0,1
tri02111,2,0,0
tri02116,0,0,0
tri02120,0,0,0
tri02130,0,0,0
tri02136,0,1,0
tri02138,0,0,1
tri02141,0,0,1
tri02142,0,0,0
tri02143,0,0,0
tri02148,0,0,1
tri02149,0,0,0
tri02157,1,0,0
tri02158,0,0,0
tri02168,0,0,0
tri02175,1,0,0
tri02177,0,0,1
tri02188,0,0,0
tri02189,0,1,0
tri02198,0,0,0
tri02205,0,0,0
tri02207,0,0,0
tri02209,0,0,0
tri02215,0,0,0
tri02225,1,0,0
tri02228,0,0,0
tri02235,0,0,0
tri02242,0,0,0
tri02244,0,0,0
tri02245,0,0,0
tri02251,0,0,0
tri02252,0,0,0
tri02258,0,0,0
tri02262,0,0,0
tri02264,0,1,0
tri02266,0,0,0
tri02268,0,0,0
tri02269,0,0,0
tri02273,0,0,0
tri02275,0,0,0
tri02277,0,0,0
tri02278,0,0,0
tri02279,0,0,0
tri02282,0,0,0
tri02284,0,0,0
tri02287,0,0,0
tri02289,0,0,0
tri02290,0,0,0
tri02291,0,0,0
tri02297,0,0,0
tri02303,0,0,0
tri02307,0,0,0
tri02314,0,0,0
tri02316,0,0,2
tri02322,1,0,0
tri02323,0,0,0
tri02324,0,0,1
tri02325,0,0,0
tri02327,2,0,0
tri02328,0,0,0
tri02329,0,0,0
tri02333,0,0,1
tri02335,2,0,0
tri02338,0,0,0
tri02344,0,0,0
tri02346,0,0,1
tri02354,0,0,0
tri02355,0,0,1
tri02360,0,0,1
tri02364,0,0,0
tri02371,0,0,0
tri02372,0,0,0
tri02374,0,0,0
tri02378,0,0,0
tri02380,0,0,0
tri02381,0,0,2
tri02384,0,1,0
tri02386,0,0,0
tri02391,0,0,0
tri02393,0,0,0
tri02401,0,0,0
tri02405,0,1,0
tri02412,0,0,0
tri02421,0,1,0
tri02438,0,1,0
tri02445,0,0,0
tri02446,0,0,0
tri02447,0,0,0
tri02448,2,0,0
tri02451,1,0,0
tri02452,1,0,0
tri02455,0,0,0
tri02457,0,0,0
tri02458,0,0,0
tri02461,0,0,0
tri02462,0,0,0
tri02463,0,0,0
tri02465,0,0,0
tri02467,0,0,0
tri02468,2,0,0
tri02471,0,0,0
tri02473,0,0,0
tri02475,0,0,1
tri02477,0,0,1
tri02478,0,0,0
tri02480,0,0,0
tri02482,0,0,0
tri02483,0,0,1
tri02484,0,0,0
tri02486,0,0,0
tri02497,0,0,0
tri02499,0,0,1
tri02501,0,0,0
tri02510,0,0,1
tri02513,1,0,0
tri02516,0,0,0
tri02518,0,0,0
tri02519,0,0,0
tri02529,0,0,0
tri02535,1,0,0
tri02539,3,0,0
tri02543,0,0,0
tri02549,0,0,0
tri02556,0,0,0
tri02557,1,0,0
tri02558,0,0,0
tri02559,0,0,0
tri02560,0,0,0
tri02562,0,0,0
tri02563,1,0,0
tri02564,0,0,0
tri02565,0,0,0
tri02568,0,1,0
tri02569,0,0,0
tri02570,0,0,0
tri02571,1,0,0
tri02575,0,0,0
tri02578,0,0,1
tri02581,0,0,0
tri02583,0,0,0
tri02586,0,0,0
tri02589,0,0,0
tri02591,0,0,0
tri02592,1,1,0
tri02595,0,0,0
tri02597,0,0,0
tri02598,0,0,1
tri02599,0,0,0
tri02600,0,0,0
tri02612,0,0,0
tri02615,0,0,0
tri02619,0,0,0
tri02626,0,0,0
tri02631,0,0,0
tri02632,0,0,0
tri02635,0,0,0
tri02637,0,0,0
tri02640,0,0,0
tri02643,0,0,0
tri02644,0,0,0
tri02655,0,0,0
tri02657,0,0,0
tri02666,0,0,0
tri02672,1,0,0
tri02674,1,0,0
tri02675,0,0,0
tri02683,0,0,0
tri02771,1,0,0
tri02772,0,0,0
tri02773,0,0,0
tri02778,0,0,0
tri02779,0,0,0
tri02795,0,0,0
tri02845,2,0,0
tri02852,0,0,0
tri02863,0,0,0
tri02875,0,0,0
tri02882,1,0,0
tri02883,0,0,0
tri02884,0,0,0
tri02885,0,0,0
tri02886,2,0,0
tri02888,2,0,0
tri02890,0,0,0
tri02908,0,0,0
tri02910,0,0,0
tri02912,0,0,0
tri02914,0,0,0
tri02915,0,0,0
tri02918,0,0,0
tri02921,0,0,0
tri02924,0,0,0
tri02927,0,0,0
tri02929,0,0,0
tri02933,0,0,0
tri02934,1,0,0
tri02935,0,0,0
tri02937,0,0,0
tri02942,0,0,1
tri02943,0,0,0
tri02944,0,0,1
tri02948,0,0,0
tri02951,0,0,0
tri02956,0,0,0
tri02957,0,0,0
tri02960,2,0,0
tri02961,0,0,1
tri02964,0,0,0
tri02968,0,0,0
tri02969,0,0,0
tri02970,0,0,0
tri02972,0,0,0
tri02973,2,0,0
tri02978,0,0,0
tri02979,0,0,0
tri02982,0,0,0
tri02984,0,0,0
tri02990,0,0,1
tri02991,0,0,1
tri02995,0,0,0
tri02997,0,0,0
tri03001,0,0,0
tri03008,0,0,0
tri03009,0,0,0
tri03011,1,0,0
tri03017,0,0,0
tri03020,0,0,0
tri03024,1,0,0
tri03025,0,0,0
tri03026,0,0,0
tri03027,0,0,0
tri03028,0,0,0
tri03029,0,0,0
tri03030,0,0,0
tri03033,0,0,0
tri03037,0,0,0
tri03039,0,0,0
tri03042,0,0,0
tri03044,0,0,0
tri03045,0,0,0
tri03046,0,0,0
tri03047,0,0,0
tri03049,0,0,0
tri03051,0,0,0
tri03053,0,0,0
tri03057,0,0,0
tri03060,0,0,0
tri03065,0,0,2
tri03066,0,0,0
tri03067,0,0,0
tri03069,0,0,0
tri03071,0,0,0
tri03074,0,0,0
tri03075,0,0,0
tri03077,0,0,0
tri03081,1,0,0
tri03085,0,0,1
tri03086,0,0,0
tri03092,0,0,0
tri03099,0,0,0
tri03102,0,0,0
tri03104,0,0,0
tri03110,0,0,0
tri03116,0,0,0
tri03122,0,0,0
tri03124,0,0,0
tri03130,0,0,0
tri03132,0,0,0
tri03133,0,2,0
tri03135,0,0,0
tri03136,0,0,1
tri03138,0,0,1
tri03142,0,0,0
tri03156,0,0,1
tri03162,0,0,0
tri03163,0,0,1
tri03164,1,0,0
tri03167,0,0,0
tri03168,0,0,0
tri03171,0,0,0
tri03172,0,2,0
tri03173,0,0,0
tri03183,0,0,0
tri03193,0,0,0
tri03196,0,0,0
tri03197,0,0,0
tri03198,0,0,0
tri03199,0,0,0
tri03200,0,0,0
tri03202,0,0,1
tri03204,0,0,0
tri03208,0,0,0
tri03211,2,0,0
tri03212,0,0,0
tri03213,0,0,1
tri03217,0,0,0
tri03220,0,0,0
tri03223,0,0,0
tri03227,0,0,0
tri03228,0,0,0
tri03230,0,0,0
tri03235,0,0,1
tri03244,0,0,0
tri03248,0,0,0
tri03249,0,1,0
tri03253,1,0,0
tri03261,0,3,0
tri03264,0,0,1
tri03265,0,0,0
tri03270,0,0,1
tri03274,0,0,0
tri03275,0,0,0
tri03276,1,0,0
tri03277,1,0,0
tri03287,0,0,0
tri03289,1,0,0
tri03291,1,0,0
tri03292,0,0,0
tri03293,0,0,0
tri03294,1,0,0
tri03295,0,0,0
tri03296,0,0,0
tri03299,0,0,0
tri03300,0,0,0
tri03301,0,0,0
tri03302,0,0,1
tri03303,0,0,0
tri03304,0,0,0
tri03306,0,0,0
tri03309,0,0,0
tri03311,0,0,0
tri03312,0,0,0
tri03313,0,0,0
tri03316,0,0,0
tri03317,0,0,0
tri03319,0,0,0
tri03323,0,0,0
tri03325,0,0,1
tri03326,0,0,1
tri03327,0,0,0
tri03328,0,0,0
tri03331,0,0,0
tri03332,1,0,0
tri03334,0,0,0
tri03336,0,0,0
tri03337,0,0,0
tri03340,0,0,0
tri03341,1,0,0
tri03343,1,0,0
tri03346,0,0,0
tri03347,0,0,1
tri03348,0,0,0
tri03349,0,0,0
tri03350,0,0,0
tri03357,0,0,0
tri03358,1,0,0
tri03359,0,0,0
tri03361,0,0,0
tri03365,0,0,0
tri03366,0,0,0
tri03368,0,0,0
tri03369,0,0,0
tri03371,0,0,0
tri03378,0,0,0
tri03380,0,0,0
tri03381,0,0,0
tri03382,0,0,0
tri03386,0,0,0
tri03390,0,0,0
tri03392,1,0,0
tri03394,0,0,0
tri03396,0,0,1
tri03397,0,0,0
tri03402,1,0,0
tri03404,0,0,0
tri03405,0,0,0
tri03406,0,0,0
tri03407,0,0,0
tri03412,0,0,0
tri03414,0,0,0
tri03418,0,0,0
tri03419,0,0,0
tri03422,0,0,0
tri03423,0,0,0
tri03424,0,0,0
tri03425,0,0,0
tri03426,1,0,0
tri03429,0,2,0
tri03432,0,0,0
tri03434,0,0,0
tri03436,0,0,0
tri03437,0,0,0
tri03440,0,0,0
tri03450,0,0,0
tri03451,1,0,0
tri03454,0,0,0
tri03455,0,0,0
tri03456,0,0,0
tri03458,0,1,0
tri03462,0,0,0
tri03463,0,0,0
tri03467,0,0,0
tri03468,0,0,0
tri03470,0,0,0
tri03480,0,0,1
tri03481,0,0,0
tri03488,0,0,0
tri03489,0,0,0
tri03496,0,0,0
tri03499,0,0,1
tri03502,0,0,0
tri03514,0,0,0
tri03516,0,0,0
tri03519,1,1,0
tri03522,1,0,0
tri03523,0,0,0
tri03525,0,0,0
tri03532,0,0,0
tri03533,0,0,0
tri03536,0,0,1
tri03540,0,0,1
tri03541,1,0,0
tri03542,0,2,0
tri03547,0,0,0
tri03553,0,0,0
tri03556,0,0,0
tri03557,0,0,0
tri03558,0,0,1
tri03565,0,0,0
tri03569,0,0,0
tri03570,0,0,1
tri03573,0,0,0
tri03583,0,0,0
tri03585,0,0,0
tri03587,0,0,0
tri03591,0,0,0
tri03593,0,0,0
tri03602,0,0,0
tri03604,0,0,0
tri03610,0,0,0
tri03612,0,0,0
tri03613,0,0,0
tri03614,0,1,0
tri03624,0,0,0
tri03629,0,0,0
tri03631,0,0,0
tri03634,1,1,0
tri03638,0,0,0
tri03639,0,0,0
tri03644,0,1,0
tri03647,0,0,0
tri03650,0,0,0
tri03664,0,0,0
tri03674,0,0,0
tri03678,1,1,0
tri03710,0,0,0
tri03718,0,0,0
tri03726,0,0,1
tri03730,1,0,0
tri03745,0,0,0
tri03746,1,0,1
tri03747,0,0,0
tri03748,0,0,0
tri03853,0,0,0
tri03856,0,0,0
tri03883,0,0,0
tri03940,0,0,0
tri03964,0,0,0
tri03979,1,0,0
tri03983,0,0,0
tri04021,0,0,0
tri04042,0,0,0
tri04045,0,0,0
tri04046,0,0,0
tri04052,0,0,0
tri04057,0,0,0
tri04068,0,0,0
tri04111,0,0,0
tri04112,0,0,0
tri04114,0,0,0
tri04160,0,0,0
tri04173,0,0,0
tri04202,0,0,0
tri04205,0,0,0
tri04213,0,0,0
tri04220,0,0,1
tri04227,0,0,1
tri04236,0,0,0
tri04272,0,0,0
tri04349,0,0,0
tri04385,0,0,0
tri04394,0,0,0
tri04396,0,0,0
tri04400,0,0,0
tri04415,1,0,0
tri04417,0,0,0
tri04419,0,0,1
tri04420,0,0,0
tri04421,0,0,0
tri04422,0,0,0
tri04424,0,0,0
tri04425,0,0,0
tri04426,0,0,0
tri04428,0,0,0
tri04429,0,0,0
tri04431,0,0,0
tri04434,1,0,0
tri04436,0,0,0
tri04439,0,0,0
tri04441,0,0,0
tri04442,0,0,0
tri04443,0,0,0
tri04465,0,1,0
tri04482,0,0,0
tri04506,0,0,0
tri04509,0,0,1
tri04511,0,0,0
tri04523,0,0,0
tri04524,0,0,0
tri04525,0,0,0
tri04526,0,0,0
tri04537,0,0,1
tri04544,0,0,0
tri04546,0,0,0
tri04551,0,0,0
tri04562,0,0,0
tri04563,0,0,0
tri04565,0,0,0
tri04568,0,0,0
tri04570,0,0,0
tri04578,0,0,0
tri04598,0,0,0
tri04599,0,0,0
tri04605,0,0,0
tri04612,0,0,0
tri04622,0,0,0
tri04626,0,0,0
tri04628,0,0,0
tri04632,0,0,0
tri04638,0,0,0
tri04641,0,0,1
tri04643,0,0,0
tri04647,0,0,0
tri04650,0,0,0
tri04659,0,0,0
tri04660,0,0,0
tri04662,0,0,0
tri04674,0,0,0
tri04698,0,0,0
tri04699,0,0,0
tri04701,0,0,0
tri04704,0,0,0
tri04707,0,0,0
tri04711,0,0,0
tri04722,0,0,0
tri04723,0,0,0
tri04733,0,0,0
tri04735,0,0,0
tri04758,0,0,0
tri04760,0,0,0
tri04764,0,0,0
tri04766,0,0,0
tri04775,0,0,0
tri04778,0,0,0
tri04809,0,0,0
tri04818,0,0,0
tri04826,0,0,0
tri04828,0,0,0
tri04829,0,0,0
tri04843,0,0,0
tri04853,0,0,0
tri04860,0,0,0
tri04882,0,0,0
tri04886,0,0,0
tri04895,0,0,0
tri04902,0,0,0
tri04912,0,0,0
tri04913,0,1,0
tri04931,0,0,0
tri04952,0,0,0
tri04958,0,0,0
tri04964,0,0,0
tri04973,0,0,0
tri04991,0,0,0
tri04999,0,0,0
tri05017,0,0,0
tri05043,0,0,0
tri05060,0,0,0
tri05064,0,0,0
tri05076,0,0,0
tri05083,0,0,0
tri05105,0,0,0
tri05108,0,0,0
tri05116,0,0,0
tri05117,0,0,0
tri05118,0,0,0
tri05179,0,0,0
tri05203,0,0,0
tri05213,0,0,0
tri05241,0,0,0
tri05242,0,0,0
tri05344,0,0,0
tri05347,1,0,0
tri05350,0,0,0
tri05351,1,0,0
tri05354,0,0,1
tri05356,2,0,0
tri05359,2,0,0
tri05361,0,0,0
tri05372,0,0,0
tri05373,0,0,0
tri05378,0,0,0
tri05383,0,0,0
tri05386,0,0,2
tri05395,0,0,1
tri05396,1,0,0
tri05408,1,0,0
tri05429,0,0,0
tri05432,0,0,0
tri05442,0,0,0
tri05445,0,0,0
tri05447,0,0,0
tri05450,0,0,0
tri05461,0,0,0
tri05464,0,0,0
tri05469,0,0,0
tri05473,0,0,0
tri05474,0,0,0
tri05475,0,0,1
tri05480,0,0,0
tri05492,0,0,0
tri05496,0,0,0
tri05514,0,0,0
tri05515,0,0,0
tri05522,0,0,0
tri05526,0,0,0
tri05532,0,0,1
tri05533,0,0,0
tri05534,1,0,0
tri05535,0,0,0
tri05536,0,0,0
tri05538,0,0,0
tri05547,0,0,0
tri05557,0,0,0
tri05565,0,0,0
tri05570,0,0,0
tri05571,0,0,0
tri05572,0,0,0
tri05580,0,0,0
tri05581,0,0,0
tri05582,0,0,0
tri05584,0,0,0
tri05592,0,0,0
tri05599,0,0,0
tri05601,0,0,0
tri05604,1,0,0
tri05608,1,0,0
tri05611,0,0,0
tri05612,0,0,0
tri05617,0,0,0
tri05622,0,0,0
tri05624,0,0,1
tri05627,0,0,0
tri05633,0,0,0
tri05638,0,0,0
tri05641,0,0,0
tri05645,0,0,0
tri05646,0,0,0
tri05649,0,0,0
tri05650,0,0,0
tri05654,0,0,0
tri05655,0,0,0
tri05660,0,0,0
tri05664,0,0,0
tri05665,0,0,0
tri05669,0,0,0
tri05672,0,2,0
tri05680,0,0,0
tri05683,0,0,0
tri05695,0,0,1
tri05702,0,0,0
tri05703,0,0,0
tri05706,0,0,0
tri05711,0,0,0
tri05712,0,0,0
tri05718,0,0,0
tri05721,0,0,1
tri05726,0,0,0
tri05728,1,0,0
tri05731,0,0,0
tri05735,0,0,0
tri05736,0,0,0
tri05739,0,0,0
tri05743,0,0,1
tri05744,0,0,0
tri05750,0,0,0
tri05752,0,0,0
tri05757,0,0,0
tri05764,0,0,0
tri05774,0,0,0
tri05788,0,0,0
tri05790,0,0,0
tri05800,0,0,0
tri05805,0,0,0
tri05806,0,0,0
tri05807,0,0,0
tri05811,0,0,0
tri05817,0,0,0
tri05818,0,0,0
tri05825,0,0,0
tri05834,0,0,0
tri05837,0,0,0
tri05845,0,0,0
tri05855,1,0,0
tri05858,0,0,0
tri05866,0,0,0
tri05872,0,0,0
tri05877,0,0,0
tri05880,0,0,0
tri05883,0,0,0
tri05885,0,0,0
tri05886,0,0,0
tri05893,0,0,0
tri05897,0,0,0
tri05905,0,0,0
tri05913,0,0,0
tri05918,0,0,0
tri05930,0,0,0
tri05932,0,0,0
tri05935,0,0,0
tri05936,0,0,0
tri05946,0,0,0
tri05947,0,0,0
tri05950,1,0,0
tri05951,0,0,0
tri05956,1,0,0
tri05957,0,0,0
tri05959,0,0,0
tri05964,0,0,0
tri05980,0,0,0
tri05982,0,0,0
tri05983,0,0,0
tri05992,0,0,0
tri05999,0,0,0
tri06001,0,0,0
tri06002,0,2,0
tri06010,0,0,0
tri06012,0,0,0
tri06014,0,0,0
tri06018,0,0,0
tri06023,0,0,0
tri06026,0,0,0
tri06034,0,0,0
tri06047,0,0,0
tri06048,0,0,1
tri06052,0,0,0
tri06054,0,0,0
tri06059,0,0,0
tri06061,0,0,0
tri06067,0,0,0
tri06069,0,0,0
tri06075,0,0,0
tri06084,0,0,1
tri06085,0,0,0
tri06086,0,0,0
tri06087,0,0,0
tri06088,0,0,0
tri06091,0,0,0
tri06097,0,0,0
tri06103,0,1,0
tri06107,0,0,2
tri06110,0,0,0
tri06114,0,0,0
tri06120,0,0,0
tri06127,0,0,0
tri06128,0,0,0
tri06130,0,0,0
tri06132,0,1,0
tri06139,0,0,0
tri06140,0,0,0
tri06144,0,0,1
tri06146,0,0,0
tri06147,0,0,0
tri06148,0,0,0
tri06155,0,0,0
tri06156,0,1,0
tri06157,0,0,0
tri06158,0,0,1
tri06159,0,0,0
tri06160,0,0,0
tri06161,0,0,0
tri06162,0,0,0
tri06167,0,0,0
tri06169,0,0,0
tri06187,0,0,0
tri06189,0,0,0
tri06191,0,0,0
tri06201,0,0,0
tri06203,0,0,1
tri06209,0,0,0
tri06211,0,0,0
tri06213,0,0,0
tri06215,0,0,0
tri06219,0,0,0
tri06224,0,0,0
tri06232,0,0,0
tri06236,0,0,0
tri06240,0,0,1
tri06241,0,0,0
tri06245,0,0,0
tri06250,0,0,0
tri06252,0,0,0
tri06256,0,0,0
tri06266,0,0,0
tri06269,0,0,0
tri06271,0,0,0
tri06273,0,0,0
tri06275,0,0,1
tri06277,0,0,1
tri06279,0,0,0
tri06281,0,0,0
tri06299,0,0,1
tri06303,0,0,0
tri06305,0,0,1
tri06310,0,0,0
tri06316,0,0,0
tri06320,0,0,0
tri06325,0,0,0
tri06329,0,1,0
tri06332,0,0,0
tri06336,0,0,0
tri06337,0,0,0
tri06339,0,0,0
tri06348,0,0,0
tri06362,0,0,0
tri06372,0,0,0
tri06373,0,0,1
tri06378,0,0,0
tri06382,0,0,0
tri06396,0,0,0
tri06401,0,0,0
tri06406,0,0,0
tri06407,0,0,0
tri06412,0,0,0
tri06416,0,0,0
tri06421,0,0,1
tri06431,0,0,0
tri06443,0,0,0
tri06446,0,0,1
tri06456,0,0,0
tri06458,0,0,0
tri06465,0,0,0
tri06468,0,0,0
tri06469,0,0,0
tri06476,0,0,0
tri06493,0,0,0
tri06494,0,0,0
tri06495,0,0,0
tri06497,0,0,0
tri06498,0,0,0
tri06507,0,0,0
tri06516,0,0,0
tri06519,0,0,0
tri06522,0,0,0
tri06523,0,0,0
tri06527,0,0,0
tri06529,0,0,0
tri06531,0,0,0
tri06533,0,0,0
tri06549,0,0,0
tri06555,0,0,0
tri06559,0,0,0
tri06561,0,0,0
tri06574,0,0,0
tri06592,0,1,0
tri06609,0,0,0
tri06615,0,0,0
tri06620,0,0,0
tri06625,0,0,0
tri06629,0,0,0
tri06631,0,0,0
tri06636,2,0,0
tri06641,0,0,0
tri06642,0,0,0
tri06651,0,0,0
tri06655,0,0,0
tri06671,0,0,0
tri06674,0,0,0
tri06675,0,0,0
tri06679,0,0,0
tri06681,0,0,0
tri06694,0,0,0
tri06699,0,0,0
tri06704,0,0,0
tri06705,0,0,0
tri06711,0,0,0
tri06714,0,0,0
tri06716,0,0,0
tri06718,0,0,0
tri06721,0,0,0
tri06724,0,0,0
tri06727,0,0,0
tri06729,0,0,0
tri06736,0,0,0
tri06745,0,0,0
tri06750,0,0,0
tri06753,0,0,0
tri06758,0,0,0
tri06762,0,0,0
tri06767,0,0,0
tri06774,0,0,0
tri06777,0,0,0
tri06779,0,0,1
tri06780,0,0,0
tri06782,0,0,0
tri06783,0,0,0
tri06786,0,0,1
tri06787,0,0,0
tri06788,0,0,0
tri06789,0,0,0
tri06795,0,0,0
tri06796,0,0,0
tri06809,0,0,0
tri06814,0,0,0
tri06815,0,0,0
tri06816,0,0,0
tri06817,0,0,0
tri06823,0,0,0
tri06834,0,0,0
tri06836,0,0,0
tri06839,0,0,0
tri06841,0,0,0
tri06845,0,0,0
tri06851,0,0,0
tri06853,0,3,0
tri06856,0,0,0
tri06861,0,0,0
tri06862,0,0,1
tri06864,0,0,0
tri06870,0,1,0
tri06883,0,0,0
tri06887,0,0,0
tri06890,0,0,0
tri06892,0,0,0
tri06896,0,0,0
tri06902,0,0,0
tri06906,0,0,0
tri06910,0,0,0
tri06918,0,0,0
tri06926,0,0,0
tri06932,0,1,0
tri06937,0,0,0
tri06938,0,0,0
tri06952,0,0,0
tri06954,0,0,0
tri06955,0,0,0
tri06956,0,0,0
tri06960,0,0,0
tri06964,0,0,0
tri06965,0,0,0
tri06971,0,0,0
tri06972,0,0,0
tri06976,0,0,0
tri06977,0,0,0
tri06979,0,0,0
tri06988,0,0,0
tri06992,0,0,0
tri06998,0,0,0
tri07001,0,0,0
tri07002,0,0,0
tri07004,0,0,0
tri07005,0,0,0
tri07007,0,0,0
tri07010,0,0,0
tri07011,0,0,0
tri07012,0,0,0
tri07015,0,0,0
tri07018,0,0,1
tri07021,0,0,0
tri07023,0,0,0
tri07030,0,0,0
tri07034,0,0,0
tri07043,0,1,0
tri07046,0,0,0
tri07047,1,0,0
tri07058,0,0,0
tri07059,0,0,0
tri07063,0,0,0
tri07070,0,0,0
tri07074,0,0,0
tri07079,0,0,0
tri07080,0,0,0
tri07082,0,0,0
tri07109,0,0,0
tri07114,1,0,0
tri07124,0,0,0
tri07126,0,0,0
tri07134,0,0,0
tri07141,0,0,0
tri07156,0,0,0
tri07171,0,0,0
tri07177,0,0,0
tri07183,0,0,0
tri07186,0,0,0
tri07189,0,0,0
tri07193,0,0,0
tri07210,0,0,0
tri07212,0,0,0
tri07216,0,0,0
tri07222,0,0,0
tri07225,0,0,0
tri07276,0,0,0
tri07277,2,0,0
tri07286,0,0,0
tri07287,0,0,0
tri07288,0,0,0
tri07290,0,0,0
tri07294,0,0,0
tri07300,0,0,0
tri07329,0,0,0
tri07338,0,0,0
tri07339,0,0,0
tri07346,0,0,0
tri07376,0,0,0
tri07380,0,0,0
tri07385,0,0,0
tri07387,0,0,0
tri07390,0,0,0
tri07395,0,0,0
tri07402,0,2,0
tri07408,0,0,0
tri07414,0,0,0
tri07423,0,0,0
tri07452,0,0,0
tri07455,0,0,0
tri07464,0,0,0
tri07511,0,0,0
tri07571,0,0,0
tri07580,1,0,0
tri07588,0,0,0
tri07591,0,0,0
tri07595,0,0,0
tri07601,0,0,0
tri07608,0,0,0
tri07614,0,0,0
tri07618,0,0,0
tri07629,0,0,0
tri07630,0,0,0
tri07637,0,0,0
tri07638,0,0,0
tri07654,0,0,0
tri07656,0,0,0
tri07657,0,0,0
tri07662,0,0,0
tri07669,0,0,0
tri07686,0,0,0
tri07703,0,1,0
tri07712,0,0,0
tri07748,0,0,0
tri07753,1,1,0
tri07768,0,0,0
tri07769,0,0,0
tri07782,0,0,0
tri07790,1,0,0
tri07798,0,0,0
tri07809,0,0,0
tri07829,0,0,0
tri07846,0,0,0
tri07877,0,0,0
tri07884,0,0,0
tri07893,0,0,0
tri07899,0,0,0
tri07902,0,0,0
tri07910,0,0,0
tri07917,0,0,0
tri07919,0,0,0
tri07922,0,0,0
tri07946,0,3,0
tri07949,0,0,0
tri07950,0,1,0
tri07952,0,0,0
tri07953,0,0,0
tri07959,0,0,1
tri07960,0,0,0
tri07965,0,2,0
tri07978,0,0,0
tri07987,0,0,0
tri08007,0,0,1
tri08012,0,0,0
tri08015,0,0,0
tri08019,0,0,0
tri08055,2,0,0
tri08099,0,0,0
tri08101,0,0,0
tri08103,0,0,0
tri08107,0,0,0
tri08114,0,0,0
tri08138,0,0,0
tri08139,0,0,0
tri08140,0,0,0
tri08142,0,0,0
tri08147,0,1,0
tri08148,0,1,0
tri08152,0,0,0
tri08159,1,1,0
tri08164,0,0,0
tri08221,0,0,0
tri08224,0,0,0
tri08270,0,0,0
tri08274,0,0,0
tri08276,0,0,0
tri08279,0,0,0
tri08314,0,0,0
tri08319,0,0,0
tri08330,0,0,0
tri08347,0,0,0
tri08350,0,0,1
tri08351,0,0,0
tri08355,0,0,0
tri08411,0,1,0
tri08418,0,0,0
tri08434,0,0,0
tri08435,0,0,0
tri08436,0,0,0
tri08437,0,0,0
tri08446,0,0,0
tri08457,0,0,0
tri08464,0,0,0
tri08465,0,0,0
tri08469,0,0,0
tri08473,0,0,0
tri08475,0,0,0
tri08505,0,0,0
tri08535,0,0,0
tri08537,0,0,0
tri08544,0,0,0
tri08546,0,0,0
tri08568,0,0,0
tri08571,0,0,0
tri08578,0,0,0
tri08594,0,0,0
tri08600,0,0,0
tri08607,0,0,1
tri08632,0,0,0
tri08635,0,0,0
tri08638,0,0,0
tri08641,0,0,0
tri08683,1,0,0
tri08733,0,0,0
tri08762,0,1,0
tri08780,0,0,0
tri08787,0,0,0
tri08800,0,0,0
tri08804,1,0,0
tri08849,0,0,0
tri08853,0,0,0
tri08864,0,0,0
tri08866,0,0,0
tri08872,0,0,0
tri08900,0,0,1
tri08909,0,0,0
tri08929,0,0,0
tri08939,0,0,0
tri08953,0,0,1
tri08954,0,0,0
tri08957,0,0,0
tri09014,0,0,0
tri09127,0,0,0
tri09132,0,0,0
tri09148,0,0,0
tri09159,0,0,0
tri09190,0,1,0
tri09336,0,0,0
tri09384,0,0,0
tri09397,0,0,0
tri09407,0,0,0
tri09448,0,0,0
tri09466,0,0,0
tri09471,0,0,0
tri09491,0,0,0
tri09492,0,0,0
tri09502,0,0,0
tri09521,0,0,0
tri09542,0,0,0
tri09557,0,0,0
tri09580,0,0,0
tri09585,0,0,0
tri09589,0,0,0
tri09595,0,0,0
tri09601,0,0,0
tri09610,0,0,0
tri09664,0,0,0
tri09726,0,0,0
tri09750,1,0,0
tri09792,0,0,0
tri09801,0,0,0
tri09914,0,0,0
tri09969,0,0,0
tri09971,0,0,0
tri09972,0,0,0
tri09973,0,0,0
tri09999,0,0,0
tri10000,0,0,0
tri10004,0,0,0
tri10007,0,0,0
tri10016,0,0,0
tri10017,0,0,0
tri10022,0,0,0
tri10029,0,0,0
tri10032,0,0,0
tri10034,0,0,0
tri10070,0,0,0
tri10073,0,0,0
tri10117,0,0,1
tri10119,0,0,0
tri10121,0,0,0
tri10125,0,0,0
tri10131,0,0,0
tri10144,0,0,0
tri10174,0,0,0
tri10177,0,0,0
tri10194,0,0,0
tri10199,0,0,0
tri10222,0,0,0
tri10236,0,0,0
tri10295,0,0,0
tri10297,0,0,0
tri10318,0,0,0
tri10336,0,0,0
